{
  "version": 1,
  "author": "Aditya Goel",
  "editor": "wokwi",
  "parts": [
    { "type": "board-esp32-devkit-c-v4", "id": "esp", "top": 0, "left": 0, "attrs": {} },
    { "type": "wokwi-hc-sr04", "id": "ultrasonic1", "top": -94.5, "left": -186.5, "attrs": {} },
    { "type": "wokwi-servo", "id": "servo1", "top": 218.8, "left": -192, "attrs": {} },
    {
      "type": "wokwi-pushbutton",
      "id": "btn1",
      "top": -109,
      "left": 192,
      "attrs": { "color": "green", "xray": "1" }
    },
    {
      "type": "wokwi-potentiometer",
      "id": "pot1",
      "top": 2.1,
      "left": -248.6,
      "rotate": 180,
      "attrs": {}
    },
    { "type": "wokwi-led", "id": "led1", "top": 255.6, "left": 99.8, "attrs": { "color": "red" } },
    {
      "type": "wokwi-led",
      "id": "led2",
      "top": 68.8,
      "left": 234.6,
      "rotate": 180,
      "attrs": { "color": "red" }
    },
    { "type": "wokwi-led", "id": "led3", "top": 246, "left": 3.8, "attrs": { "color": "red" } },
    { "type": "wokwi-led", "id": "led4", "top": 342, "left": 243.8, "attrs": { "color": "red" } },
    {
      "type": "wokwi-resistor",
      "id": "r1",
      "top": 99.95,
      "left": -76.8,
      "attrs": { "value": "220" }
    },
    {
      "type": "wokwi-resistor",
      "id": "r2",
      "top": 119.15,
      "left": -76.8,
      "attrs": { "value": "220" }
    },
    {
      "type": "wokwi-resistor",
      "id": "r3",
      "top": 320.75,
      "left": 307.2,
      "attrs": { "value": "220" }
    },
    {
      "type": "wokwi-resistor",
      "id": "r4",
      "top": 138.35,
      "left": -67.2,
      "attrs": { "value": "220" }
    }
  ],
  "connections": [
    [ "esp:TX", "$serialMonitor:RX", "", [] ],
    [ "esp:RX", "$serialMonitor:TX", "", [] ],
    [ "esp:5V", "ultrasonic1:VCC", "red", [ "h0" ] ],
    [ "ultrasonic1:GND", "esp:GND.1", "black", [ "v0" ] ],
    [ "ultrasonic1:TRIG", "esp:5", "green", [ "v19.2", "h105.2", "v-48", "h115.2", "v144" ] ],
    [ "ultrasonic1:ECHO", "esp:18", "green", [ "v9.6", "h85.6", "v-57.6", "h153.6", "v144" ] ],
    [ "esp:GND.3", "servo1:GND", "black", [ "h-311.96", "v9.6" ] ],
    [ "servo1:V+", "esp:5V", "green", [ "h-28.8", "v-76.7" ] ],
    [ "servo1:PWM", "esp:19", "green", [ "h-28.8", "v57.8", "h384", "v-259.2" ] ],
    [ "btn1:1.l", "esp:21", "green", [ "h-19.2", "v163.2" ] ],
    [ "btn1:2.l", "esp:GND.2", "green", [ "h-105.6", "v0.2", "h9.6" ] ],
    [ "pot1:VCC", "esp:3V3", "red", [ "v-144", "h221.6" ] ],
    [ "pot1:SIG", "esp:34", "green", [ "v0" ] ],
    [ "pot1:GND", "esp:GND.2", "black", [ "v-153.6", "h9.6" ] ],
    [ "led3:C", "esp:GND.1", "black", [ "v0" ] ],
    [ "led1:C", "esp:GND.1", "black", [ "v9.6", "h163.6", "v-19.2" ] ],
    [ "led2:C", "esp:GND.2", "black", [ "v0" ] ],
    [ "led4:C", "esp:GND.2", "black", [ "v28.8", "h221.2", "v-460.8", "h-192" ] ],
    [
      "led3:A",
      "r1:1",
      "green",
      [ "v28.8", "h-9.6", "v-28.8", "h-28.8", "v-57.6", "h-86.4", "v-124.8" ]
    ],
    [ "r1:2", "esp:25", "green", [ "v0" ] ],
    [ "r2:2", "esp:26", "green", [ "v0" ] ],
    [ "led1:A", "r2:1", "green", [ "v0", "h28.8", "v-76.8", "h-230.4" ] ],
    [ "r4:2", "esp:27", "green", [ "v0" ] ],
    [ "led2:A", "r4:1", "green", [ "v-9.6", "h-57.6", "v105.6", "h-259.2" ] ],
    [ "led4:A", "r3:1", "green", [ "v19.2", "h38.4" ] ],
    [ "r3:2", "esp:14", "green", [ "v0" ] ]
  ],
  "dependencies": {}
}